<?xml version="1.0" encoding="UTF-8" standalone="yes"?>
<TelegrafConfig>
    <enabled>true</enabled>
    <debugEnabled>true</debugEnabled>
    <deltaCounterNormalizeDefault>true</deltaCounterNormalizeDefault>
    <deltaCounterNormalizeDefaultSeconds>30</deltaCounterNormalizeDefaultSeconds>
    <objectDeadtimeMs>35000</objectDeadtimeMs>
    <measurements>
        <measurement>
            <measurementName>cpu</measurementName>
            <enabled>true</enabled>
            <debugEnabled>false</debugEnabled>
            <objFamilyBase>HOST_METRIC</objFamilyBase>
            <objFamilyAppendTags/>
            <objTypeBase>HOST_NEW</objTypeBase>
            <objTypePrependTags>
                <tag>scouter_obj_type_prefix</tag>
            </objTypePrependTags>
            <objTypeAppendTags/>
            <objTypeIcon>linux</objTypeIcon>
            <objNameBase>LINUX_NEW</objNameBase>
            <objNameAppendTags/>
            <hostTag>host</hostTag>
            <hostMappings/>
            <tagFilters>
                <tagFilter>
                    <tag>cpu</tag>
                    <match>cpu-total</match>
                </tagFilter>
            </tagFilters>
            <counterMappings>
                <counterMapping>
                    <tgFieldName>usage_user</tgFieldName>
                    <counterName>cpu_user_$cpu$</counterName>
                    <displayName>cpu_user_$cpu$</displayName>
                    <unit>%</unit>
                    <totalizable>false</totalizable>
                    <normalizeSeconds>30</normalizeSeconds>
                    <deltaType>NONE</deltaType>
                </counterMapping>
                <counterMapping>
                    <tgFieldName>usage_system</tgFieldName>
                    <counterName>cpu_system_$cpu$</counterName>
                    <displayName>cpu_system_$cpu$</displayName>
                    <unit>%</unit>
                    <totalizable>false</totalizable>
                    <normalizeSeconds>30</normalizeSeconds>
                    <deltaType>NONE</deltaType>
                </counterMapping>
                <counterMapping>
                    <tgFieldName>usage_steal</tgFieldName>
                    <counterName>cpu_steal_$cpu$</counterName>
                    <displayName>cpu_steal_$cpu$</displayName>
                    <unit>%</unit>
                    <totalizable>false</totalizable>
                    <normalizeSeconds>30</normalizeSeconds>
                    <deltaType>NONE</deltaType>
                </counterMapping>
                <counterMapping>
                    <tgFieldName>usage_iowait</tgFieldName>
                    <counterName>cpu_iowait_$cpu$</counterName>
                    <displayName>cpu_iowait_$cpu$</displayName>
                    <unit>%</unit>
                    <totalizable>false</totalizable>
                    <normalizeSeconds>30</normalizeSeconds>
                    <deltaType>NONE</deltaType>
                </counterMapping>
                <counterMapping>
                    <tgFieldName>usage_nice</tgFieldName>
                    <counterName>cpu_nice_$cpu$</counterName>
                    <displayName>cpu_nice_$cpu$</displayName>
                    <unit>%</unit>
                    <totalizable>false</totalizable>
                    <normalizeSeconds>30</normalizeSeconds>
                    <deltaType>NONE</deltaType>
                </counterMapping>
            </counterMappings>
        </measurement>
        <measurement>
            <measurementName>mem</measurementName>
            <enabled>true</enabled>
            <debugEnabled>false</debugEnabled>
            <objFamilyBase>HOST_METRIC</objFamilyBase>
            <objFamilyAppendTags/>
            <objTypeBase>HOST_NEW</objTypeBase>
            <objTypePrependTags>
                <tag>scouter_obj_type_prefix</tag>
            </objTypePrependTags>
            <objTypeAppendTags/>
            <objTypeIcon>linux</objTypeIcon>
            <objNameBase>LINUX_NEW</objNameBase>
            <objNameAppendTags/>
            <hostTag>host</hostTag>
            <hostMappings/>
            <tagFilters/>
            <counterMappings>
                <counterMapping>
                    <tgFieldName>used_percent</tgFieldName>
                    <counterName>mem_used_percent</counterName>
                    <displayName>mem_used_percent</displayName>
                    <unit>%</unit>
                    <totalizable>false</totalizable>
                    <normalizeSeconds>30</normalizeSeconds>
                    <deltaType>NONE</deltaType>
                </counterMapping>
                <counterMapping>
                    <tgFieldName>free</tgFieldName>
                    <counterName>mem_free</counterName>
                    <displayName>mem_free</displayName>
                    <unit>byte</unit>
                    <totalizable>false</totalizable>
                    <normalizeSeconds>30</normalizeSeconds>
                    <deltaType>NONE</deltaType>
                </counterMapping>
                <counterMapping>
                    <tgFieldName>total</tgFieldName>
                    <counterName>mem_total</counterName>
                    <displayName>mem_total</displayName>
                    <unit>byte</unit>
                    <totalizable>false</totalizable>
                    <normalizeSeconds>30</normalizeSeconds>
                    <deltaType>NONE</deltaType>
                </counterMapping>
            </counterMappings>
        </measurement>
        <measurement>
            <measurementName>redis</measurementName>
            <enabled>true</enabled>
            <debugEnabled>false</debugEnabled>
            <objFamilyBase>redis</objFamilyBase>
            <objFamilyAppendTags/>
            <objTypeBase>redis</objTypeBase>
            <objTypePrependTags>
                <tag>scouter_obj_type_prefix</tag>
            </objTypePrependTags>
            <objTypeAppendTags/>
            <objTypeIcon>redis</objTypeIcon>
            <objNameBase>redis</objNameBase>
            <objNameAppendTags>
                <tag>port</tag>
            </objNameAppendTags>
            <hostTag>host</hostTag>
            <hostMappings/>
            <tagFilters/>
            <counterMappings>
                <counterMapping>
                    <tgFieldName>keyspace_hits</tgFieldName>
                    <counterName>redis_keyspace_hits</counterName>
                    <displayName>keyspace_hits</displayName>
                    <unit>ea</unit>
                    <totalizable>false</totalizable>
                    <normalizeSeconds>30</normalizeSeconds>
                    <deltaType>NONE</deltaType>
                </counterMapping>
                <counterMapping>
                    <tgFieldName>used_memory</tgFieldName>
                    <counterName>redis_used_memory</counterName>
                    <displayName>used_memory</displayName>
                    <unit>bytes</unit>
                    <totalizable>false</totalizable>
                    <normalizeSeconds>30</normalizeSeconds>
                    <deltaType>NONE</deltaType>
                </counterMapping>
                <counterMapping>
                    <tgFieldName>expired_keys</tgFieldName>
                    <counterName>redis_expired_keys</counterName>
                    <displayName>expired_keys</displayName>
                    <unit>ea</unit>
                    <totalizable>false</totalizable>
                    <normalizeSeconds>30</normalizeSeconds>
                    <deltaType>BOTH</deltaType>
                </counterMapping>
                <counterMapping>
                    <tgFieldName>evicted_keys</tgFieldName>
                    <counterName>redis_evicted_keys</counterName>
                    <displayName>expired_keys</displayName>
                    <unit>ea</unit>
                    <totalizable>false</totalizable>
                    <normalizeSeconds>30</normalizeSeconds>
                    <deltaType>BOTH</deltaType>
                </counterMapping>
                <counterMapping>
                    <tgFieldName>total_connections_received</tgFieldName>
                    <counterName>redis_total_connections_received</counterName>
                    <displayName>total_connections_received</displayName>
                    <unit>ea</unit>
                    <totalizable>false</totalizable>
                    <normalizeSeconds>30</normalizeSeconds>
                    <deltaType>BOTH</deltaType>
                </counterMapping>
                <counterMapping>
                    <tgFieldName>total_commands_processed</tgFieldName>
                    <counterName>redis_total_commands_processed</counterName>
                    <displayName>total_commands_processed</displayName>
                    <unit>ea</unit>
                    <totalizable>false</totalizable>
                    <normalizeSeconds>30</normalizeSeconds>
                    <deltaType>BOTH</deltaType>
                </counterMapping>
            </counterMappings>
        </measurement>
        <measurement>
            <measurementName>redis_keyspace</measurementName>
            <enabled>true</enabled>
            <debugEnabled>false</debugEnabled>
            <objFamilyBase>redis</objFamilyBase>
            <objFamilyAppendTags/>
            <objTypeBase>redis</objTypeBase>
            <objTypePrependTags>
                <tag>scouter_obj_type_prefix</tag>
            </objTypePrependTags>
            <objTypeAppendTags/>
            <objTypeIcon>redis</objTypeIcon>
            <objNameBase>redis</objNameBase>
            <objNameAppendTags>
                <tag>port</tag>
            </objNameAppendTags>
            <hostTag>host</hostTag>
            <hostMappings/>
            <tagFilters/>
            <counterMappings>
                <counterMapping>
                    <tgFieldName>keys</tgFieldName>
                    <counterName>redis_keys-$database$</counterName>
                    <displayName>keys-$database$</displayName>
                    <unit>ea</unit>
                    <totalizable>false</totalizable>
                    <normalizeSeconds>30</normalizeSeconds>
                    <deltaType>BOTH</deltaType>
                </counterMapping>
                <counterMapping>
                    <tgFieldName>expires</tgFieldName>
                    <counterName>redis_expires-$database$</counterName>
                    <displayName>expires-$database$</displayName>
                    <unit>ea</unit>
                    <totalizable>false</totalizable>
                    <normalizeSeconds>30</normalizeSeconds>
                    <deltaType>BOTH</deltaType>
                </counterMapping>
            </counterMappings>
        </measurement>
        <measurement>
            <measurementName>nginx</measurementName>
            <enabled>true</enabled>
            <debugEnabled>false</debugEnabled>
            <objFamilyBase>nginx</objFamilyBase>
            <objFamilyAppendTags/>
            <objTypeBase>nginx</objTypeBase>
            <objTypePrependTags>
                <tag>scouter_obj_type_prefix</tag>
            </objTypePrependTags>
            <objTypeAppendTags/>
            <objTypeIcon>nginx</objTypeIcon>
            <objNameBase>nginx</objNameBase>
            <objNameAppendTags>
                <tag>port</tag>
            </objNameAppendTags>
            <hostTag>host</hostTag>
            <hostMappings/>
            <tagFilters/>
            <counterMappings>
                <counterMapping>
                    <tgFieldName>active</tgFieldName>
                    <counterName>nginx_active</counterName>
                    <displayName>nginx-active-connections</displayName>
                    <unit></unit>
                    <totalizable>false</totalizable>
                    <normalizeSeconds>30</normalizeSeconds>
                    <deltaType>NONE</deltaType>
                </counterMapping>
                <counterMapping>
                    <tgFieldName>reading</tgFieldName>
                    <counterName>nginx_reading</counterName>
                    <displayName>nginx-active-conn-header-reading</displayName>
                    <unit></unit>
                    <totalizable>false</totalizable>
                    <normalizeSeconds>30</normalizeSeconds>
                    <deltaType>NONE</deltaType>
                </counterMapping>
                <counterMapping>
                    <tgFieldName>writing</tgFieldName>
                    <counterName>nginx_writing</counterName>
                    <displayName>nginx-active-conn-working</displayName>
                    <unit></unit>
                    <totalizable>false</totalizable>
                    <normalizeSeconds>30</normalizeSeconds>
                    <deltaType>NONE</deltaType>
                </counterMapping>
                <counterMapping>
                    <tgFieldName>waiting</tgFieldName>
                    <counterName>nginx_waiting</counterName>
                    <displayName>nginx-keepalived-connections</displayName>
                    <unit></unit>
                    <totalizable>false</totalizable>
                    <normalizeSeconds>30</normalizeSeconds>
                    <deltaType>NONE</deltaType>
                </counterMapping>
                <counterMapping>
                    <tgFieldName>accepts</tgFieldName>
                    <counterName>nginx_accepts</counterName>
                    <displayName>nginx-accepted-connections</displayName>
                    <unit></unit>
                    <totalizable>false</totalizable>
                    <normalizeSeconds>30</normalizeSeconds>
                    <deltaType>DELTA</deltaType>
                </counterMapping>
                <counterMapping>
                    <tgFieldName>handled</tgFieldName>
                    <counterName>nginx_handled</counterName>
                    <displayName>nginx-handled-connections</displayName>
                    <unit></unit>
                    <totalizable>false</totalizable>
                    <normalizeSeconds>30</normalizeSeconds>
                    <deltaType>DELTA</deltaType>
                </counterMapping>
                <counterMapping>
                    <tgFieldName>requests</tgFieldName>
                    <counterName>nginx_requests</counterName>
                    <displayName>nginx-request-count</displayName>
                    <unit></unit>
                    <totalizable>false</totalizable>
                    <normalizeSeconds>30</normalizeSeconds>
                    <deltaType>DELTA</deltaType>
                </counterMapping>
            </counterMappings>
        </measurement>
        <measurement>
            <measurementName>mysql</measurementName>
            <enabled>true</enabled>
            <debugEnabled>false</debugEnabled>
            <objFamilyBase>mysql</objFamilyBase>
            <objFamilyAppendTags/>
            <objTypeBase>mysql</objTypeBase>
            <objTypePrependTags>
                <tag>scouter_obj_type_prefix</tag>
            </objTypePrependTags>
            <objTypeAppendTags/>
            <objTypeIcon>mysql</objTypeIcon>
            <objNameBase></objNameBase>
            <objNameAppendTags>
                <tag>server</tag>
            </objNameAppendTags>
            <hostTag>host</hostTag>
            <hostMappings/>
            <tagFilters/>
            <counterMappings>
                <counterMapping>
                    <tgFieldName>connections</tgFieldName>
                    <counterName>mysql_connections</counterName>
                    <displayName>mysql_connections</displayName>
                    <unit></unit>
                    <totalizable>false</totalizable>
                    <normalizeSeconds>30</normalizeSeconds>
                    <deltaType>NONE</deltaType>
                </counterMapping>
                <counterMapping>
                    <tgFieldName>bytes_received</tgFieldName>
                    <counterName>mysql_bytes_received</counterName>
                    <displayName>mysql_bytes_received</displayName>
                    <unit></unit>
                    <totalizable>false</totalizable>
                    <normalizeSeconds>30</normalizeSeconds>
                    <deltaType>DELTA</deltaType>
                </counterMapping>
                <counterMapping>
                    <tgFieldName>bytes_sent</tgFieldName>
                    <counterName>mysql_bytes_sent</counterName>
                    <displayName>mysql_bytes_sent</displayName>
                    <unit></unit>
                    <totalizable>false</totalizable>
                    <normalizeSeconds>30</normalizeSeconds>
                    <deltaType>DELTA</deltaType>
                </counterMapping>
                <counterMapping>
                    <tgFieldName>com_commit</tgFieldName>
                    <counterName>mysql_com_commit</counterName>
                    <displayName>mysql_com_commit</displayName>
                    <unit></unit>
                    <totalizable>false</totalizable>
                    <normalizeSeconds>30</normalizeSeconds>
                    <deltaType>DELTA</deltaType>
                </counterMapping>
                <counterMapping>
                    <tgFieldName>com_insert</tgFieldName>
                    <counterName>mysql_com_insert</counterName>
                    <displayName>mysql_com_insert</displayName>
                    <unit></unit>
                    <totalizable>false</totalizable>
                    <normalizeSeconds>30</normalizeSeconds>
                    <deltaType>DELTA</deltaType>
                </counterMapping>
                <counterMapping>
                    <tgFieldName>com_update</tgFieldName>
                    <counterName>mysql_com_update</counterName>
                    <displayName>mysql_com_update</displayName>
                    <unit></unit>
                    <totalizable>false</totalizable>
                    <normalizeSeconds>30</normalizeSeconds>
                    <deltaType>DELTA</deltaType>
                </counterMapping>
                <counterMapping>
                    <tgFieldName>com_select</tgFieldName>
                    <counterName>mysql_com_select</counterName>
                    <displayName>mysql_com_select</displayName>
                    <unit></unit>
                    <totalizable>false</totalizable>
                    <normalizeSeconds>30</normalizeSeconds>
                    <deltaType>DELTA</deltaType>
                </counterMapping>
                <counterMapping>
                    <tgFieldName>innodb_data_reads</tgFieldName>
                    <counterName>mysql_innodb_data_reads</counterName>
                    <displayName>mysql_innodb_data_reads</displayName>
                    <unit></unit>
                    <totalizable>false</totalizable>
                    <normalizeSeconds>30</normalizeSeconds>
                    <deltaType>DELTA</deltaType>
                </counterMapping>
                <counterMapping>
                    <tgFieldName>innodb_data_writes</tgFieldName>
                    <counterName>mysql_innodb_data_writes</counterName>
                    <displayName>mysql_innodb_data_writes</displayName>
                    <unit></unit>
                    <totalizable>false</totalizable>
                    <normalizeSeconds>30</normalizeSeconds>
                    <deltaType>DELTA</deltaType>
                </counterMapping>
                <counterMapping>
                    <tgFieldName>innodb_row_lock_waits</tgFieldName>
                    <counterName>mysql_innodb_row_lock_waits</counterName>
                    <displayName>mysql_innodb_row_lock_waits</displayName>
                    <unit></unit>
                    <totalizable>false</totalizable>
                    <normalizeSeconds>30</normalizeSeconds>
                    <deltaType>DELTA</deltaType>
                </counterMapping>
                <counterMapping>
                    <tgFieldName>innodb_buffer_pool_pages_total</tgFieldName>
                    <counterName>mysql_innodb_buffer_pool_pages_dirty</counterName>
                    <displayName>mysql_innodb_buffer_pool_pages_dirty</displayName>
                    <unit></unit>
                    <totalizable>false</totalizable>
                    <normalizeSeconds>30</normalizeSeconds>
                    <deltaType>NONE</deltaType>
                </counterMapping>
                <counterMapping>
                    <tgFieldName>innodb_buffer_pool_pages_dirty</tgFieldName>
                    <counterName>mysql_innodb_buffer_pool_pages_dirty</counterName>
                    <displayName>mysql_innodb_buffer_pool_pages_dirty</displayName>
                    <unit></unit>
                    <totalizable>false</totalizable>
                    <normalizeSeconds>30</normalizeSeconds>
                    <deltaType>NONE</deltaType>
                </counterMapping>
                <counterMapping>
                    <tgFieldName>innodb_buffer_pool_pages_free</tgFieldName>
                    <counterName>mysql_innodb_buffer_pool_pages_free</counterName>
                    <displayName>mysql_innodb_buffer_pool_pages_free</displayName>
                    <unit></unit>
                    <totalizable>false</totalizable>
                    <normalizeSeconds>30</normalizeSeconds>
                    <deltaType>NONE</deltaType>
                </counterMapping>
                <counterMapping>
                    <tgFieldName>innodb_data_pending_fsyncs</tgFieldName>
                    <counterName>mysql_innodb_data_pending_fsyncs</counterName>
                    <displayName>mysql_innodb_data_pending_fsyncs</displayName>
                    <unit></unit>
                    <totalizable>false</totalizable>
                    <normalizeSeconds>30</normalizeSeconds>
                    <deltaType>NONE</deltaType>
                </counterMapping>
                <counterMapping>
                    <tgFieldName>innodb_data_pending_reads</tgFieldName>
                    <counterName>mysql_innodb_data_pending_reads</counterName>
                    <displayName>mysql_innodb_data_pending_reads</displayName>
                    <unit></unit>
                    <totalizable>false</totalizable>
                    <normalizeSeconds>30</normalizeSeconds>
                    <deltaType>NONE</deltaType>
                </counterMapping>
                <counterMapping>
                    <tgFieldName>innodb_data_pending_writes</tgFieldName>
                    <counterName>mysql_innodb_data_pending_writes</counterName>
                    <displayName>mysql_innodb_data_pending_writes</displayName>
                    <unit></unit>
                    <totalizable>false</totalizable>
                    <normalizeSeconds>30</normalizeSeconds>
                    <deltaType>NONE</deltaType>
                </counterMapping>
                <counterMapping>
                    <tgFieldName>innodb_row_lock_current_waits</tgFieldName>
                    <counterName>mysql_innodb_row_lock_current_waits</counterName>
                    <displayName>mysql_innodb_row_lock_current_waits</displayName>
                    <unit></unit>
                    <totalizable>false</totalizable>
                    <normalizeSeconds>30</normalizeSeconds>
                    <deltaType>NONE</deltaType>
                </counterMapping>
            </counterMappings>
        </measurement>
        <measurement>
            <measurementName>mysql_innodb</measurementName>
            <enabled>true</enabled>
            <debugEnabled>false</debugEnabled>
            <objFamilyBase>mysql</objFamilyBase>
            <objFamilyAppendTags/>
            <objTypeBase>mysql</objTypeBase>
            <objTypePrependTags>
                <tag>scouter_obj_type_prefix</tag>
            </objTypePrependTags>
            <objTypeAppendTags/>
            <objTypeIcon>mysql</objTypeIcon>
            <objNameBase>mysql</objNameBase>
            <objNameAppendTags>
                <tag>server</tag>
            </objNameAppendTags>
            <hostTag>host</hostTag>
            <hostMappings/>
            <tagFilters/>
            <counterMappings>
                <counterMapping>
                    <tgFieldName>dml_deletes</tgFieldName>
                    <counterName>mysql_inno_dml_deletes</counterName>
                    <displayName>mysql_inno_dml_deletes</displayName>
                    <unit></unit>
                    <totalizable>false</totalizable>
                    <normalizeSeconds>30</normalizeSeconds>
                    <deltaType>DELTA</deltaType>
                </counterMapping>
                <counterMapping>
                    <tgFieldName>dml_updates</tgFieldName>
                    <counterName>mysql_inno_dml_updates</counterName>
                    <displayName>mysql_inno_dml_updates</displayName>
                    <unit></unit>
                    <totalizable>false</totalizable>
                    <normalizeSeconds>30</normalizeSeconds>
                    <deltaType>DELTA</deltaType>
                </counterMapping>
                <counterMapping>
                    <tgFieldName>dml_inserts</tgFieldName>
                    <counterName>mysql_inno_dml_inserts</counterName>
                    <displayName>mysql_inno_dml_inserts</displayName>
                    <unit></unit>
                    <totalizable>false</totalizable>
                    <normalizeSeconds>30</normalizeSeconds>
                    <deltaType>DELTA</deltaType>
                </counterMapping>
                <counterMapping>
                    <tgFieldName>dml_reads</tgFieldName>
                    <counterName>mysql_inno_dml_reads</counterName>
                    <displayName>mysql_inno_dml_reads</displayName>
                    <unit></unit>
                    <totalizable>false</totalizable>
                    <normalizeSeconds>30</normalizeSeconds>
                    <deltaType>DELTA</deltaType>
                </counterMapping>
            </counterMappings>
        </measurement>
    </measurements>
</TelegrafConfig>
